id_barrio;barrio;origen
1130;PARAISO COMFANDI;cobro_no_logistica
1311;URBA. NIZA;cobro_no_logistica
1210;MANUEL MA. B/VENTURA;cobro_no_logistica
1231;CIUDAD DEL SUR;cobro_no_logistica
1306;PORTAL DE LA AUTONOMA;cobro_no_logistica
1207;MONTANARES;cobro_no_logistica
1269;ALCALA;cobro_no_logistica
48771;ARBOLEDA CAMPESTRE;cobro_no_logistica
1024;BARLOVENTO;cobro_no_logistica
1253;PORTAL DE SAJONIA;cobro_no_logistica
1158;SAN MARCOS;cobro_no_logistica
11331;LLERAS CAMARGO;cobro_no_logistica
1219;JAM-BELLO HORIZONTE;cobro_no_logistica
12186;ALTOS DE LA CIUDADELA;cobro_no_logistica
26369;URB ENTRE COLINA;cobro_no_logistica
12322;ROBLEDO LA PORTADA;cobro_no_logistica
12682;UR LA PASTORA CRA 64D 103FF-76 GIRARDOT;cobro_no_logistica
12685;UR MANAOS CLL 27 B-58D-334 CABAÑAS;cobro_no_logistica
12700;UR MANAOS CALLE 27B # 58D-334 CABAÑAS;cobro_no_logistica
12094;ETERNA PRIMAVERA;cobro_no_logistica
12321;LOS PINOS;cobro_no_logistica
12134;CASAS DE COMFENALCO;cobro_no_logistica
12095;CERROS DEL VERGEL;cobro_no_logistica
12695;TIERRADENTRO;cobro_no_logistica
12680;JUAN DEL CORRAL;cobro_no_logistica
13251;BRASILIA SAN R;cobro_no_logistica
46111;CENTRO SAN DIEGO;cobro_no_logistica
13264;LIRA Y ARPA;cobro_no_logistica
13520;RIVERA BOSA;cobro_no_logistica
12746;OLIVOS BOSA;cobro_no_logistica
13521;SULTANA BOSA;cobro_no_logistica
13524;GUALOCHE;cobro_no_logistica
13509;LA PALESTINA ENGATIVA;cobro_no_logistica
13504;MORISCOS ENGATIVA;cobro_no_logistica
48752;LOS VAGONES;cobro_no_logistica
48753;MIRAFLORES;cobro_no_logistica
48755;NEREIDAS;cobro_no_logistica
48759;SANTAMARIA DE LA COLINA;cobro_no_logistica
48791;LOS SAUCES;cobro_no_logistica
25671;CERROS DE LA CAROLA;cobro_no_logistica
25592;LA ESTRADA;cobro_no_logistica
46539;VISTA HERMOSA;cobro_no_logistica
25701;AV LINDSAY;cobro_no_logistica
25659;BAJO VERSALLES;cobro_no_logistica
25667;TEJARES;cobro_no_logistica
25824;URBANIZACION LA RIVIERA;cobro_no_logistica
25941;EL MIRADOR;cobro_no_logistica
25712;JUAN BOSCO;cobro_no_logistica
25967;CONJ PORTAL DE OVIEDO (VIA GIRON);cobro_no_logistica
25767;CHICO REAL II;cobro_no_logistica
25887;AFRICA;cobro_no_logistica
25786;VILLA SOLAR;cobro_no_logistica
25791;QUINTAS DE SANTA ANA;cobro_no_logistica
25939;VILLA SAN PEDRO;cobro_no_logistica
26520;ALMENDROS;cobro_no_logistica
46450;CONDOMINIO SAN MARCOS;cobro_no_logistica
46538;FRAISAL;cobro_no_logistica
26590;VISTA ALEGRE;cobro_no_logistica
48639;BUCAREST;cobro_no_logistica
26699;GUALANDAYES;cobro_no_logistica
26514;RAMON ARCILA;cobro_no_logistica
26510;HOJARASCA;cobro_no_logistica
26587;LOS SERNAS;cobro_no_logistica
12217;SANTA MARIA DE LOS ANGELES;cobro_no_logistica
48644;ANCON SUR;cobro_no_logistica
48651;LOS ALCAZARES;cobro_no_logistica
26434;AGIZAL;cobro_no_logistica
26453;AIDAS DEL PRADO;cobro_no_logistica
26324;ALFONSO LOPEZ;cobro_no_logistica
26436;ALTO LA PLAYITA;cobro_no_logistica
26328;BELENCITO;cobro_no_logistica
26406;BENALCAZAR;cobro_no_logistica
26329;BOSTON;cobro_no_logistica
26478;COMFAMA;cobro_no_logistica
26455;FLORES Y COLORES;cobro_no_logistica
26591;LA CEJA;cobro_no_logistica
26344;MEDELLIN;cobro_no_logistica
26345;MILAGROSA;cobro_no_logistica
26536;NARAPO;cobro_no_logistica
26346;NIQUIA;cobro_no_logistica
26547;PALOMA;cobro_no_logistica
26391;PORTON DEL LIMONAR;cobro_no_logistica
26439;PRADOS DE MARIA;cobro_no_logistica
26447;PRIMAVERAL;cobro_no_logistica
26562;PUMBAL;cobro_no_logistica
26352;ROBLEDO;cobro_no_logistica
26360;SAN JUAN;cobro_no_logistica
26375;SAN PEDRO DE LOS MILAGROS;cobro_no_logistica
26435;SANTUARIO;cobro_no_logistica
26366;TORRES DE SAMARIA;cobro_no_logistica
26368;URB COMPARTIR;cobro_no_logistica
26758;OASIS 2;cobro_no_logistica
26460;ESPERANZA-1;cobro_no_logistica
26415;CRISTO REY-1;cobro_no_logistica
26565;VILLA SOL;cobro_no_logistica
26512;VALLE SOL;cobro_no_logistica
45640;7 DE AGOSTO D/DAS;cobro_no_logistica
46507;NUEVO BOSQUE;cobro_no_logistica
45681;PORTAL DEL SOL D/DAS;cobro_no_logistica
45675;SAN SEBASTIAN D/DAS;cobro_no_logistica
45660;BOSQUES DE SAN MARTIN;cobro_no_logistica
45682;CONJUNTO ZUITAMA D/DAS;cobro_no_logistica
45668;MERCURIO D/DAS;cobro_no_logistica
45665;VILLA DEL PILAR D/DAS;cobro_no_logistica
45643;QUINTAS DE SAN SEBASTIAN D/DAS;cobro_no_logistica
35214;VILLA FANNY;cobro_no_logistica
45638;VILLA FANNY D/DAS;cobro_no_logistica
45645;VILLA DE LOS LAGOS D/DAS;cobro_no_logistica
46513;PUEBLO SOL;cobro_no_logistica
48871;LOS JUNCOS;cobro_no_logistica
48872;MIRADOR DE VILLAVENTO;cobro_no_logistica
48818;CAMINOS DE LA PRADERA;cobro_no_logistica
48819;RESERVA DE LA PRADERA;cobro_no_logistica
48820;RINCON DE LA PRADERA;cobro_no_logistica
48816;TERRA GRATA CONJUNTO RESIDENCIAL;cobro_no_logistica
48864;UNIDAD RESIDENCIAL COLMENARES;cobro_no_logistica
48878;UNIDAD RESIDENCIAL MOLIVENTO 2;cobro_no_logistica
48822;VELA 1 (FRAILES);cobro_no_logistica
48823;VELA 2 (FRAILES);cobro_no_logistica
48821;VILLA LUZ (FRAILES);cobro_no_logistica
11329;PROVISIONAL 1;cobro_no_logistica
1202;PORTAL DE LAS PALMAS;cobro_no_logistica
11884;CHILE;cobro_no_logistica
1209;MARCO FIDEL SUAREZ;cobro_no_logistica
1185;VILLA GORGONA;cobro_no_logistica
46083;FULLIMP;cobro_no_logistica
46228;SIN ASIGNAR PEREIRA;cobro_no_logistica
25556;CLIENTE EMPRESA;cobro_no_logistica
46229;SIN ASIGNAR MANIZALES;cobro_no_logistica
12638;EL CAMPING;cobro_no_logistica
12634;JESUS NAZARENO;cobro_no_logistica
12611;LOS SAUSES;cobro_no_logistica
12600;MIRADOR DEL LAGO;cobro_no_logistica
12661;URB. EL PINAR;cobro_no_logistica
12603;LA MOTA;cobro_no_logistica
25994;LISCANO 1;cobro_no_logistica
25847;EL FONCI;cobro_no_logistica
25741;VILLAESPERANZA;cobro_no_logistica
25978;ESPERANZA III;cobro_no_logistica
25982;JUAN XXIII;cobro_no_logistica
25938;LOS ANGELES;cobro_no_logistica
25959;RETIRO CHIQUITO;cobro_no_logistica
25946;CONVIVIR;cobro_no_logistica
12219;LAURELES TERRANOVA;cobro_no_logistica
12792;ALPES LUCERO;cobro_no_logistica
13572;CENTRO BELEN;cobro_no_logistica
46125;EL GUABIO;cobro_no_logistica
13555;MONTEBELLO;cobro_no_logistica
46139;VILLAVICENCIO;cobro_no_logistica
13427;AGUAS CLARAS ENGATIVA;cobro_no_logistica
13556;CENTRO LA ESTANZUELA;cobro_no_logistica
12782;COMPENSAR;cobro_no_logistica
13580;ALTAMIRA;cobro_no_logistica
46155;BOSQUES DE SAN JORGE SUBA;cobro_no_logistica
13554;SOTAVENTO;cobro_no_logistica
46119;SAN AGUSTIN;cobro_no_logistica
48620;AURORA;cobro_no_logistica
12810;BELLO HORIZONTE;cobro_no_logistica
13593;CORDOBA;cobro_no_logistica
46147;HORACIO ORJUELA;cobro_no_logistica
13574;LAS NIEVES;cobro_no_logistica
13229;EL REDENTOR;cobro_no_logistica
13257;REDENTOR;cobro_no_logistica
48674;QUINTAS DEL SUR;cobro_no_logistica
46261;PANORAMA;cobro_no_logistica
46293;PARQUE DE LA MERCED;cobro_no_logistica
46297;VILLA DE CASA MIEL;cobro_no_logistica
46294;PAZUELA DE LA MERCED;cobro_no_logistica
35134;PRADO VERDE;cobro_no_logistica
35011;C.C ALCIDEZ AREVALO;cobro_no_logistica
46510;URBANIZACIÓN 1 DE FEBRERO;cobro_no_logistica
35178;VILLA CLARA;cobro_no_logistica
34976;4 FEBRERO CENTRO;cobro_no_logistica
35012;C.C. LOS PUNTOS;cobro_no_logistica
35087;LA LIBERTAD;cobro_no_logistica
46627;ABEJORRAL;cobro_no_logistica
46564;ÁBREGO;cobro_no_logistica
46609;ABRIAQUÍ;cobro_no_logistica
47300;ACACIAS;cobro_no_logistica
47021;ACANDÍ;cobro_no_logistica
47231;ACEVEDO;cobro_no_logistica
46565;ACHÍ;cobro_no_logistica
47203;AGRADO;cobro_no_logistica
47081;AGUA DE DIOS;cobro_no_logistica
47005;AGUACHICA;cobro_no_logistica
47516;AGUADA;cobro_no_logistica
46928;AGUAZUL;cobro_no_logistica
46999;AGUSTÍN CODAZZI;cobro_no_logistica
47211;AIPE;cobro_no_logistica
47092;ALBÁN;cobro_no_logistica
46578;ALBÁN;cobro_no_logistica
46912;ALBANIA;cobro_no_logistica
47240;ALBANIA;cobro_no_logistica
47517;ALBANIA;cobro_no_logistica
46596;ALCALÁ;cobro_no_logistica
47363;ALDANA;cobro_no_logistica
46628;ALEJANDRÍA;cobro_no_logistica
47261;ALGARROBO;cobro_no_logistica
47212;ALGECIRAS;cobro_no_logistica
46975;ALMAGUER;cobro_no_logistica
46836;ALMEIDA;cobro_no_logistica
47592;ALPUJARRA;cobro_no_logistica
47204;ALTAMIRA;cobro_no_logistica
46597;ALTO BAUDO;cobro_no_logistica
46602;ALTOS DEL ROSARIO;cobro_no_logistica
47581;ALVARADO;cobro_no_logistica
46582;AMALFI;cobro_no_logistica
47561;AMBALEMA;cobro_no_logistica
47170;ANAPOIMA;cobro_no_logistica
47323;ANCUYÁ;cobro_no_logistica
47607;ANDALUCÍA;cobro_no_logistica
46648;ANDES;cobro_no_logistica
47620;ANGELÓPOLIS;cobro_no_logistica
46592;ANGOSTURA;cobro_no_logistica
47171;ANOLAIMA;cobro_no_logistica
46583;ANORÍ;cobro_no_logistica
46895;ANSERMA;cobro_no_logistica
47621;ANSERMANUEVO;cobro_no_logistica
46610;ANZA;cobro_no_logistica
47582;ANZOÁTEGUI;cobro_no_logistica
46670;APARTADÓ;cobro_no_logistica
47443;APÍA;cobro_no_logistica
47172;APULO;cobro_no_logistica
46857;AQUITANIA;cobro_no_logistica
47262;ARACATACA;cobro_no_logistica
46905;ARANZAZU;cobro_no_logistica
47481;ARATOCA;cobro_no_logistica
46684;ARAUCA;cobro_no_logistica
46685;ARAUQUITA;cobro_no_logistica
47160;ARBELÁEZ;cobro_no_logistica
47347;ARBOLEDA;cobro_no_logistica
47377;ARBOLEDAS;cobro_no_logistica
46671;ARBOLETES;cobro_no_logistica
46844;ARCABUCO;cobro_no_logistica
46604;ARENAL;cobro_no_logistica
46629;ARGELIA;cobro_no_logistica
46976;ARGELIA;cobro_no_logistica
47622;ARGELIA;cobro_no_logistica
47255;ARIGUANÍ;cobro_no_logistica
46611;ARJONA;cobro_no_logistica
47615;ARMENIA MANTEQUILLA;cobro_no_logistica
47343;ARMERO GUAYABAL;cobro_no_logistica
46630;ARROYOHONDO;cobro_no_logistica
46995;ASTREA;cobro_no_logistica
47572;ATACO;cobro_no_logistica
47013;ATRATO;cobro_no_logistica
47061;AYAPEL;cobro_no_logistica
47014;BAGADÓ;cobro_no_logistica
47026;BAHÍA SOLANO;cobro_no_logistica
47030;BAJO BAUDÓ;cobro_no_logistica
46977;BALBOA;cobro_no_logistica
47444;BALBOA;cobro_no_logistica
46705;BARANOA;cobro_no_logistica
47213;BARAYA;cobro_no_logistica
47336;BARBACOAS;cobro_no_logistica
47518;BARBOSA;cobro_no_logistica
47482;BARICHARA;cobro_no_logistica
46974;BARRANCA DE UPÍA;cobro_no_logistica
47498;BARRANCABERMEJA;cobro_no_logistica
47246;BARRANCAS;cobro_no_logistica
46646;BARRANCO DE LOBA;cobro_no_logistica
46913;BARRANCO MINAS;cobro_no_logistica
46988;BECERRIL;cobro_no_logistica
46896;BELALCÁZAR;cobro_no_logistica
46870;BELÉN;cobro_no_logistica
47033;BELÉN;cobro_no_logistica
47022;BELÉN DE BAJIRA;cobro_no_logistica
46718;BELÉN DE LOS ANDAQUÍES;cobro_no_logistica
47445;BELÉN DE UMBRÍA;cobro_no_logistica
46593;BELMIRA;cobro_no_logistica
47112;BELTRÁN;cobro_no_logistica
46789;BERBEO;cobro_no_logistica
46650;BETANIA;cobro_no_logistica
46879;BETÉITIVA;cobro_no_logistica
46651;BETULIA;cobro_no_logistica
47499;BETULIA;cobro_no_logistica
47113;BITUIMA;cobro_no_logistica
46811;BOAVITA;cobro_no_logistica
47410;BOCHALEMA;cobro_no_logistica
47148;BOJACÁ;cobro_no_logistica
47015;BOJAYA;cobro_no_logistica
46978;BOLÍVAR;cobro_no_logistica
47519;BOLÍVAR;cobro_no_logistica
47623;BOLÍVAR;cobro_no_logistica
46996;BOSCONIA;cobro_no_logistica
46795;BOYACÁ;cobro_no_logistica
46594;BRICEÑO;cobro_no_logistica
46820;BRICEÑO;cobro_no_logistica
47384;BUCARASICA;cobro_no_logistica
46702;BUENA VISTA;cobro_no_logistica
47062;BUENAVISTA;cobro_no_logistica
47431;BUENAVISTA;cobro_no_logistica
47548;BUENAVISTA;cobro_no_logistica
46955;BUENOS AIRES;cobro_no_logistica
47349;BUESACO;cobro_no_logistica
47609;BUGALAGRANDE;cobro_no_logistica
46612;BURITICÁ;cobro_no_logistica
46871;BUSBANZÁ;cobro_no_logistica
47161;CABRERA;cobro_no_logistica
47483;CABRERA;cobro_no_logistica
47311;CABUYARO;cobro_no_logistica
47191;CACAHUAL;cobro_no_logistica
46570;CÁCERES;cobro_no_logistica
47173;CACHIPAY;cobro_no_logistica
47189;CÁCHIRA;cobro_no_logistica
47404;CÁCOTA;cobro_no_logistica
46652;CAICEDO;cobro_no_logistica
47634;CAICEDONIA;cobro_no_logistica
47557;CAIMITO;cobro_no_logistica
47583;CAJAMARCA;cobro_no_logistica
46947;CAJIBÍO;cobro_no_logistica
46682;CALAMAR;cobro_no_logistica
47199;CALAMAR;cobro_no_logistica
47281;CALARCÁ;cobro_no_logistica
46822;CALDAS;cobro_no_logistica
46967;CALDONO;cobro_no_logistica
47505;CALIFORNIA;cobro_no_logistica
46595;CAMPAMENTO;cobro_no_logistica
46698;CAMPO DE LA CRUZ;cobro_no_logistica
47214;CAMPOALEGRE;cobro_no_logistica
46790;CAMPOHERMOSO;cobro_no_logistica
47052;CANALETE;cobro_no_logistica
46613;CAÑASGORDAS;cobro_no_logistica
46699;CANDELARIA;cobro_no_logistica
46692;CANTAGALLO;cobro_no_logistica
47089;CAPARRAPÍ;cobro_no_logistica
47468;CAPITANEJO;cobro_no_logistica
46749;CÁQUEZA;cobro_no_logistica
46576;CARACOLÍ;cobro_no_logistica
46653;CARAMANTA;cobro_no_logistica
47469;CARCASÍ;cobro_no_logistica
46672;CAREPA;cobro_no_logistica
47344;CARMEN DE APICALA;cobro_no_logistica
47180;CARMEN DE CARUPA;cobro_no_logistica
46741;CARMEN DEL DARIEN;cobro_no_logistica
47602;CAROLINA DEL PRÍNCIPE;cobro_no_logistica
46711;CARTAGENA;cobro_no_logistica
46914;CARTAGENA DEL CHAIRÁ;cobro_no_logistica
47640;CARURU;cobro_no_logistica
47599;CASABIANCA;cobro_no_logistica
47302;CASTILLA LA NUEVA;cobro_no_logistica
46571;CAUCASIA;cobro_no_logistica
47470;CEPITÁ;cobro_no_logistica
47068;CERETÉ;cobro_no_logistica
46872;CERINZA;cobro_no_logistica
47471;CERRITO;cobro_no_logistica
47268;CERRO SAN ANTONIO;cobro_no_logistica
46743;CÉRTEGUI;cobro_no_logistica
47034;CHACHAGÜÍ;cobro_no_logistica
47114;CHAGUANÍ;cobro_no_logistica
47538;CHALÁN;cobro_no_logistica
46725;CHÁMEZA;cobro_no_logistica
47573;CHAPARRAL;cobro_no_logistica
47484;CHARALÁ;cobro_no_logistica
47506;CHARTA;cobro_no_logistica
47140;CHÍA;cobro_no_logistica
47046;CHIMÁ;cobro_no_logistica
47309;CHIMÁ;cobro_no_logistica
46989;CHIMICHAGUA;cobro_no_logistica
47411;CHINÁCOTA;cobro_no_logistica
46805;CHINAVITA;cobro_no_logistica
47058;CHINÚ;cobro_no_logistica
47122;CHIPAQUE;cobro_no_logistica
47520;CHIPATÁ;cobro_no_logistica
46823;CHIQUINQUIRÁ;cobro_no_logistica
46763;CHÍQUIZA;cobro_no_logistica
46739;CHIRIGUANÁ;cobro_no_logistica
46778;CHISCAS;cobro_no_logistica
46880;CHITA;cobro_no_logistica
47405;CHITAGÁ;cobro_no_logistica
46845;CHITARAQUE;cobro_no_logistica
46764;CHIVATÁ;cobro_no_logistica
46927;CHIVOLO;cobro_no_logistica
46837;CHIVOR;cobro_no_logistica
47123;CHOACHÍ;cobro_no_logistica
47074;CHOCONTÁ;cobro_no_logistica
46721;CICUCO;cobro_no_logistica
47263;CIÉNAGA;cobro_no_logistica
47069;CIÉNAGA DE ORO;cobro_no_logistica
46796;CIÉNEGA;cobro_no_logistica
47521;CIMITARRA;cobro_no_logistica
47438;CIRCASIA;cobro_no_logistica
46584;CISNEROS;cobro_no_logistica
46654;CIUDAD BOLÍVAR;cobro_no_logistica
46722;CLEMENCIA;cobro_no_logistica
46631;COCORNÁ;cobro_no_logistica
47584;COELLO;cobro_no_logistica
47141;COGUA;cobro_no_logistica
47215;COLOMBIA;cobro_no_logistica
47417;COLÓN;cobro_no_logistica
47036;COLÓN GENOVA;cobro_no_logistica
47539;COLOSO;cobro_no_logistica
46765;CÓMBITA;cobro_no_logistica
46632;CONCEPCIÓN;cobro_no_logistica
47472;CONCEPCIÓN;cobro_no_logistica
46655;CONCORDIA;cobro_no_logistica
47269;CONCORDIA;cobro_no_logistica
47035;CONDOTO;cobro_no_logistica
47453;CONFINES;cobro_no_logistica
47104;CONSACÁ;cobro_no_logistica
47364;CONTADERO;cobro_no_logistica
47454;CONTRATACIÓN;cobro_no_logistica
47390;CONVENCIÓN;cobro_no_logistica
46824;COPER;cobro_no_logistica
46726;CÓRDOBA;cobro_no_logistica
47365;CÓRDOBA;cobro_no_logistica
47282;CÓRDOBA;cobro_no_logistica
46957;CORINTO;cobro_no_logistica
47485;COROMORO;cobro_no_logistica
47549;COROZAL;cobro_no_logistica
46873;CORRALES;cobro_no_logistica
47047;COTORRA;cobro_no_logistica
46812;COVARACHÍA;cobro_no_logistica
47543;COVEÑAS;cobro_no_logistica
47574;COYAIMA;cobro_no_logistica
46686;CRAVO NORTE;cobro_no_logistica
47366;CUASPUD;cobro_no_logistica
46779;CUBARÁ;cobro_no_logistica
47029;CUBARRAL;cobro_no_logistica
46766;CUCAITA;cobro_no_logistica
47181;CUCUNUBÁ;cobro_no_logistica
46858;CUÍTIVA;cobro_no_logistica
47303;CUMARAL;cobro_no_logistica
47646;CUMARIBO;cobro_no_logistica
47367;CUMBAL;cobro_no_logistica
47351;CUMBITARA;cobro_no_logistica
47568;CUNDAY;cobro_no_logistica
46719;CURILLO;cobro_no_logistica
46991;CURUMANÍ;cobro_no_logistica
46614;DABEIBA;cobro_no_logistica
47635;DAGUA;cobro_no_logistica
47241;DIBULLA;cobro_no_logistica
46920;DISTRACCIÓN;cobro_no_logistica
47593;DOLORES;cobro_no_logistica
47601;DON MATÍAS;cobro_no_logistica
46874;DUITAMA;cobro_no_logistica
47412;DURANIA;cobro_no_logistica
46615;EBÉJICO;cobro_no_logistica
47624;EL ÁGUILA;cobro_no_logistica
46572;EL BAGRE;cobro_no_logistica
47278;EL BANCO;cobro_no_logistica
47625;EL CAIRO;cobro_no_logistica
47304;EL CALVARIO;cobro_no_logistica
46740;EL CANTÓN DEL SAN PABLO;cobro_no_logistica
47391;EL CARMEN;cobro_no_logistica
47016;EL CARMEN DE ATRATO;cobro_no_logistica
46675;EL CARMEN DE BOLÍVAR;cobro_no_logistica
47500;EL CARMEN DE CHUCURÍ;cobro_no_logistica
47608;EL CARMEN DE VIBORAL;cobro_no_logistica
47285;EL CASTILLO;cobro_no_logistica
47611;EL CERRITO;cobro_no_logistica
47337;EL CHARCO;cobro_no_logistica
46780;EL COCUY;cobro_no_logistica
47174;EL COLEGIO;cobro_no_logistica
46997;EL COPEY;cobro_no_logistica
46916;EL DONCELLO;cobro_no_logistica
47286;EL DORADO;cobro_no_logistica
47626;EL DOVIO;cobro_no_logistica
46559;EL ENCANTO;cobro_no_logistica
46781;EL ESPINO;cobro_no_logistica
47455;EL GUACAMAYO;cobro_no_logistica
46729;EL GUAMO;cobro_no_logistica
47031;El Litoral del San Juan;cobro_no_logistica
47248;EL MOLINO;cobro_no_logistica
46998;EL PASO;cobro_no_logistica
46917;EL PAUJIL;cobro_no_logistica
47316;EL PEÑOL;cobro_no_logistica
46677;EL PEÑÓN;cobro_no_logistica
47131;EL PEÑÓN;cobro_no_logistica
47522;EL PEÑÓN;cobro_no_logistica
46929;EL PIÑÓN;cobro_no_logistica
47507;EL PLAYÓN;cobro_no_logistica
46951;EL RETÉN;cobro_no_logistica
47200;EL RETORNO;cobro_no_logistica
47550;EL ROBLE;cobro_no_logistica
47150;EL ROSAL;cobro_no_logistica
47352;EL ROSARIO;cobro_no_logistica
47448;EL SANTUARIO;cobro_no_logistica
47105;EL TABLÓN DE GÓMEZ;cobro_no_logistica
46948;EL TAMBO;cobro_no_logistica
47317;EL TAMBO;cobro_no_logistica
47385;EL TARRA;cobro_no_logistica
47399;EL ZULIA;cobro_no_logistica
47232;ELÍAS;cobro_no_logistica
47487;ENCINO;cobro_no_logistica
47473;ENCISO;cobro_no_logistica
46598;ENTRERRIOS;cobro_no_logistica
47585;ESPINAL;cobro_no_logistica
47151;FACATATIVÁ;cobro_no_logistica
47563;FALAN;cobro_no_logistica
46886;FILADELFIA;cobro_no_logistica
47436;FILANDIA;cobro_no_logistica
46859;FIRAVITOBA;cobro_no_logistica
47586;FLANDES;cobro_no_logistica
46979;FLORENCIA;cobro_no_logistica
46875;FLORESTA;cobro_no_logistica
47523;FLORIÁN;cobro_no_logistica
47636;FLORIDA;cobro_no_logistica
46750;FÓMEQUE;cobro_no_logistica
47249;FONSECA;cobro_no_logistica
46687;FORTUL;cobro_no_logistica
47125;FOSCA;cobro_no_logistica
47338;FRANCISCO PIZARRO;cobro_no_logistica
46656;FREDONIA;cobro_no_logistica
47564;FRESNO;cobro_no_logistica
46616;FRONTINO;cobro_no_logistica
47287;FUENTE DE ORO;cobro_no_logistica
47368;FUNES;cobro_no_logistica
47152;FUNZA;cobro_no_logistica
47182;FÚQUENE;cobro_no_logistica
46751;GACHALÁ;cobro_no_logistica
47142;GACHANCIPÁ;cobro_no_logistica
46846;GACHANTIVÁ;cobro_no_logistica
46752;GACHETÁ;cobro_no_logistica
47456;GALÁN;cobro_no_logistica
46694;GALAPA;cobro_no_logistica
47551;GALERAS;cobro_no_logistica
47106;GAMA;cobro_no_logistica
47006;GAMARRA;cobro_no_logistica
47457;GAMBITA;cobro_no_logistica
46860;GAMEZA;cobro_no_logistica
46806;GARAGOA;cobro_no_logistica
47290;GÉNOVA;cobro_no_logistica
47206;GIGANTE;cobro_no_logistica
46617;GIRALDO;cobro_no_logistica
46599;GÓMEZ PLATA;cobro_no_logistica
47007;GONZÁLEZ;cobro_no_logistica
47379;GRAMALOTE;cobro_no_logistica
46633;GRANADA;cobro_no_logistica
47163;GRANADA;cobro_no_logistica
47288;GRANADA;cobro_no_logistica
47474;GUACA;cobro_no_logistica
46782;GUACAMAYAS;cobro_no_logistica
47613;GUACARÍ;cobro_no_logistica
46986;GUACHENÉ;cobro_no_logistica
47183;GUACHETÁ;cobro_no_logistica
47369;GUACHUCAL;cobro_no_logistica
46600;GUADALUPE;cobro_no_logistica
47207;GUADALUPE;cobro_no_logistica
47458;GUADALUPE;cobro_no_logistica
47324;GUAITARILLA;cobro_no_logistica
47116;GUALMATÁN;cobro_no_logistica
47279;GUAMAL;cobro_no_logistica
47305;GUAMAL;cobro_no_logistica
47594;GUAMO;cobro_no_logistica
46964;GUAPI;cobro_no_logistica
47459;GUAPOTÁ;cobro_no_logistica
47535;GUARANDA;cobro_no_logistica
47107;GUASCA;cobro_no_logistica
47587;GUATAPÉ;cobro_no_logistica
47083;GUATAQUÍ;cobro_no_logistica
47108;GUATAVITA;cobro_no_logistica
46838;GUATEQUE;cobro_no_logistica
47446;GUÁTICA;cobro_no_logistica
47524;GUAVATÁ;cobro_no_logistica
46753;GUAYABAL DE SÍQUIMA;cobro_no_logistica
47126;GUAYABETAL;cobro_no_logistica
46839;GUAYATÁ;cobro_no_logistica
47127;GUTIÉRREZ;cobro_no_logistica
47313;GÜEPSA;cobro_no_logistica
46783;GÜICÁN;cobro_no_logistica
47392;HACARÍ;cobro_no_logistica
46742;HATILLO DE LOBA;cobro_no_logistica
47460;HATO;cobro_no_logistica
46930;HATO COROZAL;cobro_no_logistica
47250;HATONUEVO;cobro_no_logistica
47413;HERRÁN;cobro_no_logistica
47600;HERVEO;cobro_no_logistica
46657;HISPANIA;cobro_no_logistica
47216;HOBO;cobro_no_logistica
47565;HONDA;cobro_no_logistica
47569;ICONONZO;cobro_no_logistica
47371;ILES;cobro_no_logistica
47121;IMUÉS;cobro_no_logistica
47192;INÍRIDA;cobro_no_logistica
46968;INZÁ;cobro_no_logistica
47217;IQUIRA;cobro_no_logistica
47233;ISNOS;cobro_no_logistica
46744;ISTMINA;cobro_no_logistica
46601;ITUANGO;cobro_no_logistica
46861;IZA;cobro_no_logistica
46727;JAMBALÓ;cobro_no_logistica
46658;JARDÍN;cobro_no_logistica
46797;JENESANO;cobro_no_logistica
46659;JERICÓ;cobro_no_logistica
46881;JERICÓ;cobro_no_logistica
47084;JERUSALÉN;cobro_no_logistica
47526;JESÚS MARÍA;cobro_no_logistica
47488;JORDÁN;cobro_no_logistica
46474;JORGE ELIECER GAITAN;cobro_no_logistica
46712;JUAN DE ACOSTA;cobro_no_logistica
47109;JUNÍN;cobro_no_logistica
47027;JURADÓ;cobro_no_logistica
47063;LA APARTADA;cobro_no_logistica
47226;LA ARGENTINA;cobro_no_logistica
47527;LA BELLEZA;cobro_no_logistica
47110;LA CALERA;cobro_no_logistica
46840;LA CAPILLA;cobro_no_logistica
46635;LA CEJA;cobro_no_logistica
47447;LA CELIA;cobro_no_logistica
46560;LA CHORRERA;cobro_no_logistica
47354;LA CRUZ;cobro_no_logistica
47393;LA ESPERANZA;cobro_no_logistica
47318;LA FLORIDA;cobro_no_logistica
47008;LA GLORIA;cobro_no_logistica
47193;LA GUADALUPE;cobro_no_logistica
46992;LA JAGUA DE IBIRICO;cobro_no_logistica
47251;LA JAGUA DEL PILAR;cobro_no_logistica
47325;LA LLANADA;cobro_no_logistica
47289;LA MACARENA;cobro_no_logistica
46887;LA MERCED;cobro_no_logistica
47175;LA MESA;cobro_no_logistica
46919;LA MONTAÑITA;cobro_no_logistica
47132;LA PALMA;cobro_no_logistica
47000;LA PAZ;cobro_no_logistica
47528;LA PAZ;cobro_no_logistica
46561;LA PEDRERA;cobro_no_logistica
47093;LA PEÑA;cobro_no_logistica
46660;LA PINTADA;cobro_no_logistica
47227;LA PLATA;cobro_no_logistica
47394;LA PLAYA;cobro_no_logistica
47647;LA PRIMAVERA;cobro_no_logistica
46931;LA SALINA;cobro_no_logistica
46949;LA SIERRA;cobro_no_logistica
47439;LA TEBAIDA;cobro_no_logistica
47339;LA TOLA;cobro_no_logistica
46636;LA UNIÓN;cobro_no_logistica
47124;LA UNIÓN;cobro_no_logistica
47558;LA UNIÓN;cobro_no_logistica
46813;LA UVITA;cobro_no_logistica
46980;LA VEGA;cobro_no_logistica
47094;LA VEGA;cobro_no_logistica
46562;LA VICTORIA;cobro_no_logistica
46825;LA VICTORIA;cobro_no_logistica
47627;LA VICTORIA;cobro_no_logistica
47414;LABATECA;cobro_no_logistica
46785;LABRANZAGRANDE;cobro_no_logistica
47529;LANDÁZURI;cobro_no_logistica
47314;LEBRIJA;cobro_no_logistica
47423;LEGUÍZAMO;cobro_no_logistica
47356;LEIVA;cobro_no_logistica
47291;LEJANÍAS;cobro_no_logistica
47184;LENGUAZAQUE;cobro_no_logistica
47348;LÉRIDA;cobro_no_logistica
46563;LETICIA;cobro_no_logistica
47350;LÍBANO;cobro_no_logistica
46619;LIBORINA;cobro_no_logistica
47326;LINARES;cobro_no_logistica
47017;LLORÓ;cobro_no_logistica
46728;LÓPEZ;cobro_no_logistica
47048;LORICA;cobro_no_logistica
47327;LOS ANDES;cobro_no_logistica
47053;LOS CÓRDOBAS;cobro_no_logistica
47552;LOS PALMITOS;cobro_no_logistica
47400;LOS PATIOS;cobro_no_logistica
47509;LOS SANTOS;cobro_no_logistica
47380;LOURDES;cobro_no_logistica
46700;LURUACO;cobro_no_logistica
46807;MACANAL;cobro_no_logistica
47475;MACARAVITA;cobro_no_logistica
46577;MACEO;cobro_no_logistica
46755;MACHETÁ;cobro_no_logistica
46754;MAGANGUÉ;cobro_no_logistica
47136;MAGÜÍ PAYÁN;cobro_no_logistica
46756;MAHATES;cobro_no_logistica
47242;MAICAO;cobro_no_logistica
47536;MAJAGUAL;cobro_no_logistica
47476;MÁLAGA;cobro_no_logistica
46695;MALAMBO;cobro_no_logistica
47328;MALLAMA;cobro_no_logistica
47432;MANATÍ;cobro_no_logistica
47001;MANAURE;cobro_no_logistica
47243;MANAURE;cobro_no_logistica
46932;MANÍ;cobro_no_logistica
47076;MANTA;cobro_no_logistica
46891;MANZANARES;cobro_no_logistica
46990;MAPIRIPÁN;cobro_no_logistica
46915;MAPIRIPANA;cobro_no_logistica
46759;MARGARITA;cobro_no_logistica
46760;MARÍA LA BAJA;cobro_no_logistica
46826;MARIPÍ;cobro_no_logistica
47566;MARIQUITA;cobro_no_logistica
46888;MARMATO;cobro_no_logistica
46892;MARQUETALIA;cobro_no_logistica
47442;MARSELLA;cobro_no_logistica
46893;MARULANDA;cobro_no_logistica
47510;MATANZA;cobro_no_logistica
47119;MEDINA;cobro_no_logistica
47018;MEDIO ATRATO;cobro_no_logistica
47032;MEDIO BAUDÓ;cobro_no_logistica
47037;MEDIO SAN JUAN;cobro_no_logistica
47570;MELGAR;cobro_no_logistica
46981;MERCADERES;cobro_no_logistica
47293;MESETAS;cobro_no_logistica
46720;MILÁN;cobro_no_logistica
46791;MIRAFLORES;cobro_no_logistica
47201;MIRAFLORES;cobro_no_logistica
46958;MIRANDA;cobro_no_logistica
47420;MIRITI PARANÁ;cobro_no_logistica
47450;MISTRATÓ;cobro_no_logistica
47641;MITÚ;cobro_no_logistica
47418;MOCOA;cobro_no_logistica
47489;MOGOTES;cobro_no_logistica
47477;MOLAGAVITA;cobro_no_logistica
47049;MOMIL;cobro_no_logistica
46762;MOMPÓS;cobro_no_logistica
46862;MONGUA;cobro_no_logistica
46863;MONGUÍ;cobro_no_logistica
46847;MONIQUIRÁ;cobro_no_logistica
47054;MOÑITOS;cobro_no_logistica
46661;MONTEBELLO;cobro_no_logistica
46821;MONTECRISTO;cobro_no_logistica
47064;MONTELÍBANO;cobro_no_logistica
47292;MONTENEGRO;cobro_no_logistica
47051;MONTERÍA;cobro_no_logistica
46933;MONTERREY;cobro_no_logistica
46834;MORALES;cobro_no_logistica
46950;MORALES;cobro_no_logistica
46921;MORELIA;cobro_no_logistica
47195;MORICHAL;cobro_no_logistica
47540;MORROA;cobro_no_logistica
47341;MOSQUERA;cobro_no_logistica
46767;MOTAVITA;cobro_no_logistica
47603;MURILLO;cobro_no_logistica
46674;MURINDÓ;cobro_no_logistica
47562;MUTATÁ;cobro_no_logistica
47406;MUTISCUA;cobro_no_logistica
46827;MUZO;cobro_no_logistica
46638;NARIÑO;cobro_no_logistica
47085;NARIÑO;cobro_no_logistica
47319;NARIÑO;cobro_no_logistica
47228;NÁTAGA;cobro_no_logistica
47575;NATAGAIMA;cobro_no_logistica
46573;NECHÍ;cobro_no_logistica
46676;NECOCLÍ;cobro_no_logistica
47218;NEIVA;cobro_no_logistica
46757;NEMOCÓN;cobro_no_logistica
47086;NILO;cobro_no_logistica
47095;NIMAIMA;cobro_no_logistica
46864;NOBSA;cobro_no_logistica
47096;NOCAIMA;cobro_no_logistica
46909;NORCASIA;cobro_no_logistica
46678;NOROSÍ;cobro_no_logistica
47038;NÓVITA;cobro_no_logistica
47257;NUEVA GRANADA;cobro_no_logistica
46798;NUEVO COLÓN;cobro_no_logistica
46934;NUNCHÍA;cobro_no_logistica
47028;NUQUÍ;cobro_no_logistica
47628;OBANDO;cobro_no_logistica
47490;OCAMONTE;cobro_no_logistica
47395;OCAÑA;cobro_no_logistica
47461;OIBA;cobro_no_logistica
46768;OICATÁ;cobro_no_logistica
46620;OLAYA;cobro_no_logistica
47342;OLAYA HERRERA;cobro_no_logistica
47491;ONZAGA;cobro_no_logistica
47234;OPORAPA;cobro_no_logistica
47419;ORITO;cobro_no_logistica
46935;OROCUÉ;cobro_no_logistica
47576;ORTEGA;cobro_no_logistica
47329;OSPINA;cobro_no_logistica
46828;OTANCHE;cobro_no_logistica
47541;OVEJAS;cobro_no_logistica
46808;PACHAVITA;cobro_no_logistica
47133;PACHO;cobro_no_logistica
47642;PACOA;cobro_no_logistica
46906;PÁCORA;cobro_no_logistica
46959;PADILLA;cobro_no_logistica
46792;PÁEZ;cobro_no_logistica
46730;PÁEZ;cobro_no_logistica
47229;PAICOL;cobro_no_logistica
46993;PAILITAS;cobro_no_logistica
47134;PAIME;cobro_no_logistica
46876;PAIPA;cobro_no_logistica
46786;PAJARITO;cobro_no_logistica
47219;PALERMO;cobro_no_logistica
46902;PALESTINA;cobro_no_logistica
47235;PALESTINA;cobro_no_logistica
47462;PALMAR;cobro_no_logistica
46706;PALMAR DE VARELA;cobro_no_logistica
47544;PALMITO;cobro_no_logistica
47567;PALOCABILDO;cobro_no_logistica
47408;PAMPLONITA;cobro_no_logistica
47196;PANA PANA;cobro_no_logistica
47164;PANDI;cobro_no_logistica
46784;PANQUEBA;cobro_no_logistica
47388;PAPUNAUA;cobro_no_logistica
47492;PÁRAMO;cobro_no_logistica
47120;PARATEBUENO;cobro_no_logistica
47165;PASCA;cobro_no_logistica
46731;PATÍA;cobro_no_logistica
46829;PAUNA;cobro_no_logistica
46787;PAYA;cobro_no_logistica
46936;PAZ DE ARIPORO;cobro_no_logistica
46882;PAZ DE RÍO;cobro_no_logistica
47271;PEDRAZA;cobro_no_logistica
47009;PELAYA;cobro_no_logistica
46639;PEÑOL;cobro_no_logistica
46894;PENSILVANIA;cobro_no_logistica
46621;PEQUE;cobro_no_logistica
46865;PESCA;cobro_no_logistica
46983;PIAMONTE;cobro_no_logistica
47588;PIEDRAS;cobro_no_logistica
46732;PIENDAMÓ;cobro_no_logistica
47435;PIJAO;cobro_no_logistica
47280;PIJIÑO DEL CARMEN;cobro_no_logistica
47493;PINCHOTE;cobro_no_logistica
46923;PINILLOS;cobro_no_logistica
46713;PIOJÓ;cobro_no_logistica
46788;PISBA;cobro_no_logistica
47208;PITAL;cobro_no_logistica
47236;PITALITO;cobro_no_logistica
47272;PIVIJAY;cobro_no_logistica
47577;PLANADAS;cobro_no_logistica
47065;PLANETA RICA;cobro_no_logistica
47258;PLATO;cobro_no_logistica
47357;POLICARPA;cobro_no_logistica
46707;POLONUEVO;cobro_no_logistica
46708;PONEDERA;cobro_no_logistica
46937;PORE;cobro_no_logistica
47374;POTOSÍ;cobro_no_logistica
47595;PRADO;cobro_no_logistica
47330;PROVIDENCIA;cobro_no_logistica
46625;PROVIDENCIA;cobro_no_logistica
47002;PUEBLO BELLO;cobro_no_logistica
47066;PUEBLO NUEVO;cobro_no_logistica
47451;PUEBLO RICO;cobro_no_logistica
47266;PUEBLO VIEJO;cobro_no_logistica
46662;PUEBLORRICO;cobro_no_logistica
47530;PUENTE NACIONAL;cobro_no_logistica
47375;PUERRES;cobro_no_logistica
47389;PUERTO ALEGRÍA;cobro_no_logistica
46566;PUERTO ARICA;cobro_no_logistica
47190;PUERTO ASÍS;cobro_no_logistica
47556;PUERTO BERRÍO;cobro_no_logistica
46703;PUERTO BOYACÁ;cobro_no_logistica
47421;PUERTO CAICEDO;cobro_no_logistica
47648;PUERTO CARREÑO;cobro_no_logistica
47294;PUERTO CONCORDIA;cobro_no_logistica
47055;PUERTO ESCONDIDO;cobro_no_logistica
47312;PUERTO GAITÁN;cobro_no_logistica
47247;PUERTO GUZMÁN;cobro_no_logistica
47067;PUERTO LIBERTADOR;cobro_no_logistica
47295;PUERTO LLERAS;cobro_no_logistica
47020;PUERTO LÓPEZ;cobro_no_logistica
46579;PUERTO NARE;cobro_no_logistica
46567;PUERTO NARIÑO;cobro_no_logistica
47531;PUERTO PARRA;cobro_no_logistica
46922;PUERTO RICO;cobro_no_logistica
47296;PUERTO RICO;cobro_no_logistica
46688;PUERTO RONDÓN;cobro_no_logistica
47091;PUERTO SALGAR;cobro_no_logistica
46568;PUERTO SANTANDER;cobro_no_logistica
47401;PUERTO SANTANDER;cobro_no_logistica
46580;PUERTO TRIUNFO;cobro_no_logistica
47501;PUERTO WILCHES;cobro_no_logistica
46758;PULÍ;cobro_no_logistica
47376;PUPIALES;cobro_no_logistica
46733;PURACÉ;cobro_no_logistica
47596;PURIFICACIÓN;cobro_no_logistica
47050;PURÍSIMA;cobro_no_logistica
47097;QUEBRADANEGRA;cobro_no_logistica
47128;QUETAME;cobro_no_logistica
47019;QUIBDÓ;cobro_no_logistica
47441;QUIMBAYA;cobro_no_logistica
47307;QUINCHÍA;cobro_no_logistica
46831;QUÍPAMA;cobro_no_logistica
47176;QUIPILE;cobro_no_logistica
47415;RAGONVALIA;cobro_no_logistica
46799;RAMIRIQUÍ;cobro_no_logistica
46848;RÁQUIRA;cobro_no_logistica
46938;RECETOR;cobro_no_logistica
46970;REGIDOR;cobro_no_logistica
46585;REMEDIOS;cobro_no_logistica
47273;REMOLINO;cobro_no_logistica
47429;REPELÓN;cobro_no_logistica
47306;RESTREPO;cobro_no_logistica
47614;RESTREPO;cobro_no_logistica
47087;RICAURTE;cobro_no_logistica
47331;RICAURTE;cobro_no_logistica
47010;RÍO DE ORO;cobro_no_logistica
46745;RÍO IRO;cobro_no_logistica
46746;RÍO QUITO;cobro_no_logistica
46982;RÍO VIEJO;cobro_no_logistica
47578;RIOBLANCO;cobro_no_logistica
47372;RIOFRÍO;cobro_no_logistica
47244;RIOHACHA;cobro_no_logistica
47511;RIONEGRO;cobro_no_logistica
46889;RIOSUCIO;cobro_no_logistica
47024;RIOSUCIO;cobro_no_logistica
46897;RISARALDA;cobro_no_logistica
47220;RIVERA;cobro_no_logistica
47137;ROBERTO PAYÁN;cobro_no_logistica
47579;RONCESVALLES;cobro_no_logistica
46800;RONDÓN;cobro_no_logistica
46952;ROSAS;cobro_no_logistica
47589;ROVIRA;cobro_no_logistica
47502;SABANA DE TORRES;cobro_no_logistica
46709;Sabanagrande;cobro_no_logistica
46622;SABANALARGA;cobro_no_logistica
46710;SABANALARGA;cobro_no_logistica
46939;SABANALARGA;cobro_no_logistica
46962;SABANAS DE SAN ÁNGEL;cobro_no_logistica
46832;SABOYÁ;cobro_no_logistica
46940;SÁCAMA;cobro_no_logistica
46849;SÁCHICA;cobro_no_logistica
47059;SAHAGÚN;cobro_no_logistica
47237;SALADOBLANCO;cobro_no_logistica
46907;SALAMINA;cobro_no_logistica
47274;SALAMINA;cobro_no_logistica
47381;SALAZAR;cobro_no_logistica
47597;SALDAÑA;cobro_no_logistica
47437;SALENTO;cobro_no_logistica
46663;SALGAR;cobro_no_logistica
46769;SAMACÁ;cobro_no_logistica
46910;SAMANÁ;cobro_no_logistica
47332;SAMANIEGO;cobro_no_logistica
47553;SAMPUÉS;cobro_no_logistica
47238;SAN AGUSTÍN;cobro_no_logistica
47011;SAN ALBERTO;cobro_no_logistica
46634;SAN ANDRÉS;cobro_no_logistica
47478;SAN ANDRÉS;cobro_no_logistica
47554;SAN ANDRÉS DE CUERQUÍA;cobro_no_logistica
46748;SAN ANDRÉS DE SOTAVENTO;cobro_no_logistica
47056;SAN ANTERO;cobro_no_logistica
47580;SAN ANTONIO;cobro_no_logistica
46761;SAN ANTONIO DEL TEQUENDAMA;cobro_no_logistica
47532;SAN BENITO;cobro_no_logistica
47559;SAN BENITO ABAD;cobro_no_logistica
47166;SAN BERNARDO;cobro_no_logistica
47358;SAN BERNARDO;cobro_no_logistica
47057;SAN BERNARDO DEL VIENTO;cobro_no_logistica
47396;SAN CALIXTO;cobro_no_logistica
46641;SAN CARLOS;cobro_no_logistica
47070;SAN CARLOS;cobro_no_logistica
47023;SAN CARLOS DE GUAROA;cobro_no_logistica
47135;SAN CAYETANO;cobro_no_logistica
47402;SAN CAYETANO;cobro_no_logistica
46691;SAN CRISTÓBAL;cobro_no_logistica
47003;SAN DIEGO;cobro_no_logistica
46793;SAN EDUARDO;cobro_no_logistica
47039;SAN ESTANISLAO;cobro_no_logistica
47198;SAN FELIPE;cobro_no_logistica
47043;SAN FERNANDO;cobro_no_logistica
46642;SAN FRANCISCO;cobro_no_logistica
47098;SAN FRANCISCO;cobro_no_logistica
47424;SAN FRANCISCO;cobro_no_logistica
47060;SAN JACINTO;cobro_no_logistica
47075;SAN JACINTO DEL CAUCA;cobro_no_logistica
46623;SAN JERÓNIMO;cobro_no_logistica
47495;SAN JOAQUÍN;cobro_no_logistica
46898;SAN JOSÉ;cobro_no_logistica
46603;SAN JOSÉ DE LA MONTAÑA;cobro_no_logistica
47479;SAN JOSÉ DE MIRANDA;cobro_no_logistica
46850;SAN JOSÉ DE PARE;cobro_no_logistica
47072;SAN JOSÉ DE URÉ;cobro_no_logistica
46723;SAN JOSÉ DEL FRAGUA;cobro_no_logistica
47202;SAN JOSÉ DEL GUAVIARE;cobro_no_logistica
47040;SAN JOSÉ DEL PALMAR;cobro_no_logistica
47297;SAN JUAN DE ARAMA;cobro_no_logistica
47335;SAN JUAN DE BETULIA;cobro_no_logistica
47117;SAN JUAN DE RÍO SECO;cobro_no_logistica
47525;SAN JUAN DE URABÁ;cobro_no_logistica
47252;SAN JUAN DEL CESAR;cobro_no_logistica
47115;SAN JUAN NEPOMUCENO;cobro_no_logistica
47308;SAN JUANITO;cobro_no_logistica
47359;SAN LORENZO;cobro_no_logistica
46643;SAN LUIS;cobro_no_logistica
47590;SAN LUIS;cobro_no_logistica
46809;SAN LUIS DE GACENO;cobro_no_logistica
46941;SAN LUIS DE PALENQUE;cobro_no_logistica
47340;SAN LUIS DE SINCÉ;cobro_no_logistica
47560;SAN MARCOS;cobro_no_logistica
47012;SAN MARTÍN;cobro_no_logistica
47310;SAN MARTÍN;cobro_no_logistica
46693;SAN MARTÍN DE LOBA;cobro_no_logistica
46814;SAN MATEO;cobro_no_logistica
47425;SAN MIGUEL;cobro_no_logistica
47480;SAN MIGUEL;cobro_no_logistica
46833;SAN MIGUEL DE SEMA;cobro_no_logistica
47545;SAN ONOFRE;cobro_no_logistica
47360;SAN PABLO;cobro_no_logistica
46697;SAN PABLO DE BORBUR;cobro_no_logistica
46714;SAN PABLO DE BORBUR;cobro_no_logistica
47555;SAN PEDRO;cobro_no_logistica
47616;SAN PEDRO;cobro_no_logistica
47361;SAN PEDRO DE CARTAGO;cobro_no_logistica
47513;SAN PEDRO DE LOS MILAGROS;cobro_no_logistica
47508;SAN PEDRO DE URABÁ;cobro_no_logistica
47071;SAN PELAYO;cobro_no_logistica
46644;SAN RAFAEL;cobro_no_logistica
46586;SAN ROQUE;cobro_no_logistica
46734;SAN SEBASTIÁN;cobro_no_logistica
46965;SAN SEBASTIÁN DE BUENAVISTA;cobro_no_logistica
46645;SAN VICENTE;cobro_no_logistica
47503;SAN VICENTE DE CHUCURÍ;cobro_no_logistica
46924;SAN VICENTE DEL CAGUÁN;cobro_no_logistica
46966;SAN ZENÓN;cobro_no_logistica
47320;SANDONÁ;cobro_no_logistica
47283;SANTA ANA;cobro_no_logistica
47452;SANTA BÁRBARA;cobro_no_logistica
47512;SANTA BÁRBARA;cobro_no_logistica
47143;SANTA BÁRBARA DE ISCUANDÉ;cobro_no_logistica
46969;SANTA BÁRBARA DE PINTO;cobro_no_logistica
47194;SANTA CATALINA;cobro_no_logistica
47464;SANTA HELENA DEL OPÓN;cobro_no_logistica
47604;SANTA ISABEL;cobro_no_logistica
47428;SANTA LUCÍA;cobro_no_logistica
46810;SANTA MARÍA;cobro_no_logistica
47221;SANTA MARÍA;cobro_no_logistica
47277;SANTA MARTA;cobro_no_logistica
46985;SANTA ROSA;cobro_no_logistica
47256;SANTA ROSA DE LIMA;cobro_no_logistica
46605;SANTA ROSA de osos;cobro_no_logistica
46715;SANTA ROSA DE VITERBO;cobro_no_logistica
47259;SANTA ROSA DEL SUR;cobro_no_logistica
47649;SANTA ROSALÍA;cobro_no_logistica
46851;SANTA SOFÍA;cobro_no_logistica
47157;SANTACRUZ GUACHAVÉZ;cobro_no_logistica
46852;SANTANA;cobro_no_logistica
46961;SANTANDER DE QUILICHAO;cobro_no_logistica
47382;SANTIAGO;cobro_no_logistica
47426;SANTIAGO;cobro_no_logistica
47546;SANTIAGO DE TOLÚ;cobro_no_logistica
47422;SANTO TOMÁS;cobro_no_logistica
47449;SANTUARIO;cobro_no_logistica
47334;SAPUYES;cobro_no_logistica
46689;SARAVENA;cobro_no_logistica
47386;SARDINATA;cobro_no_logistica
47099;SASAIMA;cobro_no_logistica
46815;SATIVANORTE;cobro_no_logistica
46816;SATIVASUR;cobro_no_logistica
46588;SEGOVIA;cobro_no_logistica
47077;SESQUILÉ;cobro_no_logistica
46770;SIACHOQUE;cobro_no_logistica
47158;SIBATÉ;cobro_no_logistica
47427;SIBUNDOY;cobro_no_logistica
47409;SILOS;cobro_no_logistica
47167;SILVANIA;cobro_no_logistica
46972;Silvia;cobro_no_logistica
47465;SIMACOTA;cobro_no_logistica
47185;SIMIJACA;cobro_no_logistica
47264;SIMITÍ;cobro_no_logistica
46230;SIN ASIGNAR BARRANQUILLA;cobro_no_logistica
46226;SIN ASIGNAR MEDELLIN;cobro_no_logistica
47542;SINCELEJO;cobro_no_logistica
47041;SIPÍ;cobro_no_logistica
47275;SITIONUEVO;cobro_no_logistica
46817;SOATÁ;cobro_no_logistica
46883;SOCHA;cobro_no_logistica
47466;SOCORRO;cobro_no_logistica
46884;SOCOTÁ;cobro_no_logistica
46866;SOGAMOSO;cobro_no_logistica
46925;SOLANO;cobro_no_logistica
46926;SOLITA;cobro_no_logistica
46841;SOMONDOCO;cobro_no_logistica
47440;SONSÓN;cobro_no_logistica
47434;SOPETRÁN;cobro_no_logistica
47276;SOPLAVIENTO;cobro_no_logistica
47144;SOPÓ;cobro_no_logistica
46771;SORA;cobro_no_logistica
46772;SORACÁ;cobro_no_logistica
46773;SOTAQUIRÁ;cobro_no_logistica
46953;SOTARA;cobro_no_logistica
47467;SUAITA;cobro_no_logistica
46704;SUAN;cobro_no_logistica
46735;SUÁREZ;cobro_no_logistica
47598;SUÁREZ;cobro_no_logistica
47209;SUAZA;cobro_no_logistica
47155;SUBACHOQUE;cobro_no_logistica
46987;SUCRE;cobro_no_logistica
47533;SUCRE;cobro_no_logistica
47537;SUCRE;cobro_no_logistica
47078;SUESCA;cobro_no_logistica
47100;SUPATÁ;cobro_no_logistica
46890;SUPÍA;cobro_no_logistica
47333;SURATÁ;cobro_no_logistica
47186;SUSA;cobro_no_logistica
46818;SUSACÓN;cobro_no_logistica
46853;SUTAMARCHÁN;cobro_no_logistica
47187;SUTATAUSA;cobro_no_logistica
46842;SUTATENZA;cobro_no_logistica
47145;TABIO;cobro_no_logistica
47042;TADÓ;cobro_no_logistica
47284;TALAIGUA NUEVO;cobro_no_logistica
46994;TAMALAMEQUE;cobro_no_logistica
46942;TÁMARA;cobro_no_logistica
46690;TAME;cobro_no_logistica
46665;TÁMESIS;cobro_no_logistica
47362;TAMINANGO;cobro_no_logistica
47321;TANGUA;cobro_no_logistica
47644;TARAIRA;cobro_no_logistica
46569;TARAPACÁ;cobro_no_logistica
46574;TARAZÁ;cobro_no_logistica
47210;TARQUI;cobro_no_logistica
46666;TARSO;cobro_no_logistica
46885;TASCO;cobro_no_logistica
46943;TAURAMENA;cobro_no_logistica
47188;TAUSA;cobro_no_logistica
47222;TELLO;cobro_no_logistica
47178;TENA;cobro_no_logistica
47260;TENERIFE;cobro_no_logistica
47156;TENJO;cobro_no_logistica
46843;TENZA;cobro_no_logistica
47397;TEORAMA;cobro_no_logistica
47223;TERUEL;cobro_no_logistica
47230;TESALIA;cobro_no_logistica
47168;TIBACUY;cobro_no_logistica
46801;TIBANÁ;cobro_no_logistica
46867;TIBASOSA;cobro_no_logistica
47079;TIBIRITA;cobro_no_logistica
47387;TIBÚ;cobro_no_logistica
47044;TIERRALTA;cobro_no_logistica
47239;TIMANÁ;cobro_no_logistica
46736;TIMBÍO;cobro_no_logistica
46737;TIMBIQUÍ;cobro_no_logistica
46854;TINJACÁ;cobro_no_logistica
46819;TIPACOQUE;cobro_no_logistica
47301;TIQUISIO;cobro_no_logistica
46667;TITIRIBÍ;cobro_no_logistica
46774;TOCA;cobro_no_logistica
47088;TOCAIMA;cobro_no_logistica
47146;TOCANCIPÁ;cobro_no_logistica
46855;TOGÜÍ;cobro_no_logistica
46606;TOLEDO;cobro_no_logistica
47416;TOLEDO;cobro_no_logistica
47547;TOLÚ VIEJO;cobro_no_logistica
47514;TONA;cobro_no_logistica
46868;TÓPAGA;cobro_no_logistica
46830;TOPAIPÍ;cobro_no_logistica
46973;TORIBIO;cobro_no_logistica
47630;TORO;cobro_no_logistica
46869;TOTA;cobro_no_logistica
46738;TOTORÓ;cobro_no_logistica
46944;TRINIDAD;cobro_no_logistica
47617;TRUJILLO;cobro_no_logistica
46649;TUBARÁ;cobro_no_logistica
47073;TUCHÍN;cobro_no_logistica
47345;TUMACO;cobro_no_logistica
46835;TUNUNGUÁ;cobro_no_logistica
47177;TÚQUERRES;cobro_no_logistica
47315;TURBACO;cobro_no_logistica
46701;TURBANÁ;cobro_no_logistica
46802;TURMEQUÉ;cobro_no_logistica
46776;TUTA;cobro_no_logistica
46878;TUTAZÁ;cobro_no_logistica
47111;UBALÁ;cobro_no_logistica
47129;UBAQUE;cobro_no_logistica
47631;ULLOA;cobro_no_logistica
46803;UMBITA;cobro_no_logistica
47130;UNE;cobro_no_logistica
47025;UNGUÍA;cobro_no_logistica
46747;UNIÓN PANAMERICANA;cobro_no_logistica
46626;URAMITA;cobro_no_logistica
46984;URIBE;cobro_no_logistica
47245;URIBIA;cobro_no_logistica
46668;URRAO;cobro_no_logistica
47253;URUMITA;cobro_no_logistica
46664;USIACURÍ;cobro_no_logistica
47101;ÚTICA;cobro_no_logistica
46607;VALDIVIA;cobro_no_logistica
47045;VALENCIA;cobro_no_logistica
47265;VALLE DE GUAMEZ;cobro_no_logistica
47496;VALLE DE SAN JOSÉ;cobro_no_logistica
47591;VALLE DE SAN JUAN;cobro_no_logistica
47433;VALPARAÍSO;cobro_no_logistica
46724;VALPARAÍSO;cobro_no_logistica
46589;VEGACHÍ;cobro_no_logistica
47534;VÉLEZ;cobro_no_logistica
47605;VENADILLO;cobro_no_logistica
47169;VENECIA;cobro_no_logistica
46777;VENTAQUEMADA;cobro_no_logistica
47102;VERGARA;cobro_no_logistica
47632;VERSALLES;cobro_no_logistica
47515;VETAS;cobro_no_logistica
47118;VIANÍ;cobro_no_logistica
46911;VICTORIA;cobro_no_logistica
46680;VIGÍA DEL FUERTE;cobro_no_logistica
47383;VILLA CARO;cobro_no_logistica
46856;VILLA DE LEYVA;cobro_no_logistica
46877;VILLA DE SAN DIEGO DE UBATE;cobro_no_logistica
47403;VILLA DEL ROSARIO;cobro_no_logistica
46963;VILLA RICA;cobro_no_logistica
47270;VILLAGARZÓN;cobro_no_logistica
46900;VILLAGÓMEZ;cobro_no_logistica
47606;VILLAHERMOSA;cobro_no_logistica
47355;VILLANUEVA;cobro_no_logistica
46945;VILLANUEVA;cobro_no_logistica
47254;VILLANUEVA;cobro_no_logistica
47497;VILLANUEVA;cobro_no_logistica
47080;VILLAPINZÓN;cobro_no_logistica
47571;VILLARRICA;cobro_no_logistica
47224;VILLAVIEJA;cobro_no_logistica
47103;VILLETA;cobro_no_logistica
47179;VIOTÁ;cobro_no_logistica
46804;VIRACACHÁ;cobro_no_logistica
13325;VISITAS MASIVAS;cobro_no_logistica
47298;VISTA HERMOSA;cobro_no_logistica
46899;VITERBO;cobro_no_logistica
47322;YACUANQUER;cobro_no_logistica
47225;YAGUARÁ;cobro_no_logistica
46590;YALÍ;cobro_no_logistica
46608;YARUMAL;cobro_no_logistica
47645;YAVARATÉ;cobro_no_logistica
46591;YOLOMBÓ;cobro_no_logistica
46581;YONDÓ;cobro_no_logistica
46946;YOPAL;cobro_no_logistica
47619;YOTOCO;cobro_no_logistica
47370;ZAMBRANO;cobro_no_logistica
47504;ZAPATOCA;cobro_no_logistica
46971;ZAPAYÁN;cobro_no_logistica
46575;ZARAGOZA;cobro_no_logistica
47633;ZARZAL;cobro_no_logistica
46794;ZETAQUIRA;cobro_no_logistica
46903;ZIPACÓN;cobro_no_logistica
47147;ZIPAQUIRÁ;cobro_no_logistica
47267;ZONA BANANERA;cobro_no_logistica
46267;CENTRO;cobro_no_logistica
46556;EL SILENCIO;cobro_no_logistica
11891;PUERTA DELSOL;cobro_no_logistica
48610;ESTRATEGIA SOLEDAD;cobro_no_logistica
46171;CERRITO;cobro_no_logistica
11330;LA GERMANIA VILLA GORGONA;cobro_no_logistica
1201;PORTAL DE JAMUNDI;cobro_no_logistica
46172;VILLAGORGONA;cobro_no_logistica
48784;URAPANES;cobro_no_logistica
46109;CEREZOS;cobro_no_logistica
46149;SOACHA AMISTAD;cobro_no_logistica
26466;LA CHINCA;cobro_no_logistica
27138;LA OSPINA;cobro_no_logistica
26521;SAN CAYETANO;cobro_no_logistica
26422;LA PALMA;cobro_no_logistica
48795;LUIS CARLOS GALAN;cobro_no_logistica
46455;ERONA;cobro_no_logistica
46468;FABIO SALAZAR;cobro_no_logistica
46465;LAS VERANERAS;cobro_no_logistica
46464;PUEBLITO PAISA;cobro_no_logistica
46458;SANTA ROSA DE LIMA;cobro_no_logistica
48826;EL JAZMIN;cobro_no_logistica
48829;PRIMERO DE MAYO (VIA SUPER 13);cobro_no_logistica
48831;BELLA VISTA (VIA SUPER 13);cobro_no_logistica
48833;LA AURORA (VIA SUPER 13);cobro_no_logistica
48843;MONTEVERDE (SECTOR CLINICA CONF);cobro_no_logistica
48844;PRADO VERDE (SECTOR CLINICA COMF);cobro_no_logistica
48845;VILLA ELENA (SECTOR CLINICA CONF);cobro_no_logistica
48847;LA ISLETA;cobro_no_logistica
48849;URBANIZACION NUEVA CARTAGO;cobro_no_logistica
48848;VILLA CAROLINA (VIA BATALLON);cobro_no_logistica
48857;EL POBLADO (CARTAGO);cobro_no_logistica
48860;LA CASTELLANA;cobro_no_logistica
48866;ANTONIO NARIÑO;cobro_no_logistica
48865;LA LIBERTAD;cobro_no_logistica
48867;MARISCAL;cobro_no_logistica
48869;CUCHARA LARGA;cobro_no_logistica
48868;VILLA VIVIANA;cobro_no_logistica
46220;GILBERTO PELAEZ;cobro_no_logistica
48874;SANTA MARIA REAL;cobro_no_logistica
48879;CAROLINA (CIPRES);cobro_no_logistica
46324;ALFONSO LOPEZ;cobro_no_logistica
46316;CIUDADELA FLORIDA DEL RIO;cobro_no_logistica
46492;EL VERGEL SANTA RORA;cobro_no_logistica
46318;JARDIN DE LA HERMOSA;cobro_no_logistica
46313;LOS CORALES;cobro_no_logistica
48607;LOS PORTALES;cobro_no_logistica
46315;LOS PORTALES DE LA VILLA;cobro_no_logistica
46317;PORTAL DE LA HERMOSA;cobro_no_logistica
46319;LAURELES LA HERMOSA;cobro_no_logistica
12204;PALMAR DEL VIENTO;cobro_no_logistica
12584;CALLE COLOMBIA;cobro_no_logistica
48723;GIRARDOTA EL LLANO;cobro_no_logistica
48724;GIRARDOTA VEREDA JUAN COJO;cobro_no_logistica
48726;NAVARRA (COPACABANA);cobro_no_logistica
25859;GIRASOL (URBANIZACION);cobro_no_logistica
25945;VILLA FATIMA;cobro_no_logistica
26600;CASA LINDA - NO USAR;cobro_no_logistica
26382;LOS ANDES;cobro_no_logistica
26561;MIRADOR;cobro_no_logistica
26367;TOSCANA;cobro_no_logistica
26501;TRE ESQUINAS;cobro_no_logistica
26342;MANGUALA;cobro_no_logistica
26418;PORTAL DE LAS FLORES;cobro_no_logistica
12749;CAPRI;cobro_no_logistica
13576;CONTADOR;cobro_no_logistica
13545;GAITAN CORTES NORTE;cobro_no_logistica
13510;PRIMAVERA NORTE;cobro_no_logistica
13426;SAN JOSE NORTE;cobro_no_logistica
13549;SANTA FE CENTRO;cobro_no_logistica
26454;RECREO;cobro_no_logistica
12592;CAREPA;cobro_no_logistica
26457;URB SANCIBAR;cobro_no_logistica
26048;JARDIN BAJO;cobro_no_logistica
48661;TAT Z2;cobro_no_logistica
48662;TAT Z3;cobro_no_logistica
48663;TAT Z4;cobro_no_logistica
25787;CERROS DE CAÑAVERAL;cobro_no_logistica
26108;HACIENDA LOS TRINITARIOS;cobro_no_logistica
13335;EL AGUA;cobro_no_logistica
13433;LA MAGDALENA;cobro_no_logistica
46202;SANTA FE DEL TINTAL;cobro_no_logistica
13379;ABRAHAN LINCON FONT;cobro_no_logistica
13340;ESTANCIA FONT;cobro_no_logistica
13345;FERICO FONT;cobro_no_logistica
13396;FONT HB;cobro_no_logistica
13399;INTERNACIONAL FONT;cobro_no_logistica
13355;LA ISLA FONT;cobro_no_logistica
13364;LA LORENA FONT;cobro_no_logistica
13348;LA SOLEDAD FONT;cobro_no_logistica
13375;PARAISO FONT;cobro_no_logistica
13381;SAN SEBASTIAN FONT;cobro_no_logistica
13397;TRIANGULO FONT;cobro_no_logistica
13369;ZATURNO FONT;cobro_no_logistica
13362;LA PERLA FONT;cobro_no_logistica
13544;PUEBLO NUEVO;cobro_no_logistica
48731;FLORENCIA FONTIBON;cobro_no_logistica
48735;CENTRO FONTIBON;cobro_no_logistica
48671;BUENA VISTA;cobro_no_logistica
48668;POTOSI;cobro_no_logistica
48675;CHUNIZA;cobro_no_logistica
13291;RECUERDO;cobro_no_logistica
26255;MERCEDES SUR;cobro_no_logistica
46121;PROVIDENCIA ALTA;cobro_no_logistica
13584;GUACAMAYAS;cobro_no_logistica
48655;MATATIGRES;cobro_no_logistica
12864;ALFONSO LOPEZ;cobro_no_logistica
13600;USATAMA;cobro_no_logistica
46215;MULTIF. VILLA ADRIANA ENGATIVA;cobro_no_logistica
13285;LA FONTANA ENGATIVA;cobro_no_logistica
13453;LA MARCELA ENGATIVA;cobro_no_logistica
13518;PROVIVIENDA ENGATIVA;cobro_no_logistica
46204;ALFEREZ REAL ENGATIVA;cobro_no_logistica
13422;ASAFRAN VILLA LUZ ENGATIVA;cobro_no_logistica
46214;URB. LOS LAURELES ENGATIVA;cobro_no_logistica
13543;CENTRO LA SOLEDAD;cobro_no_logistica
48669;EJE AMBIENTAL;cobro_no_logistica
13457;EL CAÑON;cobro_no_logistica
13471;EL CEDRO;cobro_no_logistica
13402;EL DESCANSO;cobro_no_logistica
13603;ENTRE RIOS;cobro_no_logistica
46210;LA LLANURA MANZANA P ENGATIVA;cobro_no_logistica
13484;MOLINOS DE VIENTO;cobro_no_logistica
46227;SIN ASIGNAR BOGOTA;cobro_no_logistica
13591;CATEDRAL;cobro_no_logistica
13598;CENTRO LA CANDELARIA;cobro_no_logistica
46207;EL RINCÓN DE MANDALAY;cobro_no_logistica
12890;LA  MARIA;cobro_no_logistica
13589;LA MERCED;cobro_no_logistica
46216;MARSELLA III SECTOR;cobro_no_logistica
46201;PRADOS DE CASTILLA;cobro_no_logistica
46213;SANTA ROSA DE CARVAJAL;cobro_no_logistica
48690;SAN LUIS;cobro_no_logistica
13564;PUERTO RICO;cobro_no_logistica
13495;SANTA TERESITA ENGATIVA;cobro_no_logistica
12998;SAUCEDAL ENGATIVA;cobro_no_logistica
48682;URBANIZACION ALTAMAR SUBA;cobro_no_logistica
35115;NAVARRA;cobro_no_logistica
35255;PARAISO;cobro_no_logistica
35032;CIUDADELA DEL CAFÉ;cobro_no_logistica
35199;MARGARITAS;cobro_no_logistica
35261;URB. LA CAMPIÑA;cobro_no_logistica
26189;PORTAL DE LA HACIENDA ;cobro_no_logistica
46485;NUEVA COLOMBIA;cobro_no_logistica
48861;BOSQUES DE LA ACUARELA ETP 2;cobro_no_logistica
48862;BOSQUES DE LA ACUARELA ETP 3;cobro_no_logistica
48780;(PORVENIR D/DAS;cobro_no_logistica
48774;ALTOS DE SANTA CLARA;cobro_no_logistica
48778;VILLAS DEL CAMPESTRE;cobro_no_logistica
48775;ZONA INDUSTRIAL BALALAICA;cobro_no_logistica
25740;LA ESMERALDA;cobro_no_logistica
34993;AV SANTANDER;cobro_no_logistica
35190;LA VEGA;cobro_no_logistica
46062;LAS ANTILLAS;cobro_no_logistica
46081;NUEVO MILENIUM;cobro_no_logistica
35166;TANAMBÍ;cobro_no_logistica
35031;CIUDADELA CUBA PUEBLITO PAISA;cobro_no_logistica
35055;EL PIZAMO;cobro_no_logistica
35092;LA TRINIDAD;cobro_no_logistica
46377;SIMÓN BOLÍVAR (KENEDY);cobro_no_logistica
35180;YARUMITO;cobro_no_logistica
46509;GUYABAL VULLA SANTANA;cobro_no_logistica
35224;URB. ANTILLAS;cobro_no_logistica
25692;LA UNION;cobro_no_logistica
25612;MONTANA BAJA;cobro_no_logistica
25670;VILLA QUEMPIS;cobro_no_logistica
25905;ALTOS DE CAMPESTRE;cobro_no_logistica
26041;CABECERAII;cobro_no_logistica
26047;TERRAZAS DE BELLAVISTA;cobro_no_logistica
